<application>
  <component name="MaterialThemeConfig">
    <option name="isCompactMenus" value="true" />
    <option name="isCompactStatusBar" value="true" />
    <option name="isCompactFields" value="true" />
    <option name="isContrastMode" value="true" />
    <option name="isTabSeparatorsEnabled" value="false" />
    <option name="pristineConfig" value="false" />
    <option name="settingsSelectedTab" value="1" />
    <option name="accentColor" value="2979ff" />
    <option name="selectedTheme" value="ONE_DARK" />
    <option name="userId" value="-43f258fe:18e60cbb56b:-8000" />
    <option name="version" value="8.13.2" />
  </component>
</application>