<application>
  <component name="CachedDictionaryState">
    <words>
      <w>angiology</w>
      <w>angioradiology</w>
      <w>bariatric</w>
      <w>coloproctology</w>
      <w>craniomaxillofacial</w>
      <w>cytopathology</w>
      <w>densitometry</w>
      <w>endovascular</w>
      <w>ergometry</w>
      <w>hansenology</w>
      <w>hemodynamics</w>
      <w>hemotherapy</w>
      <w>infectology</w>
      <w>mastology</w>
      <w>metabology</w>
      <w>neuroradiology</w>
      <w>nutrology</w>
      <w>oncological</w>
      <w>otorhinolaryngology</w>
      <w>phoniatry</w>
      <w>pneumology</w>
      <w>psychogeriatric</w>
    </words>
  </component>
</application>