<application>
  <component name="Translation.Cache">
    <option name="lastTrimTime" value="1710934966013" />
  </component>
  <component name="Translation.States">
    <histories>
      <item value="This queryset contains a reference to an outer query and may only be used in a subquery" />
      <item value="The delete is actually 2 queries - one to find related objects, and one to delete. Make sure that the discovery of related objects is performed on the same database as the deletion." />
      <item value="The delete is actually 2 queries - one to find related objects," />
      <item value="objs result" />
      <item value="Doctor Schedule Info API View" />
      <item value="units" />
      <item value="current date" />
    </histories>
    <option name="languageScores">
      <map>
        <entry key="ENGLISH" value="7" />
        <entry key="PORTUGUESE" value="7" />
      </map>
    </option>
  </component>
</application>