<keymap version="1" name="GNOME copy" parent="Default for GNOME">
  <action id="ActivateRunToolWindow" />
  <action id="ChangesView.ShelveSilently" />
  <action id="CollapseRegion">
    <keyboard-shortcut first-keystroke="ctrl subtract" />
    <keyboard-shortcut first-keystroke="ctrl minus" />
    <keyboard-shortcut first-keystroke="alt minus" />
  </action>
  <action id="EditorJoinLines" />
  <action id="ExpandRegion">
    <keyboard-shortcut first-keystroke="ctrl add" />
    <keyboard-shortcut first-keystroke="ctrl equals" />
    <keyboard-shortcut first-keystroke="alt equals" />
  </action>
  <action id="FindPrevious">
    <keyboard-shortcut first-keystroke="shift f3" />
  </action>
  <action id="MethodHierarchy" />
  <action id="MethodHierarchy.BaseOnThisMethod" />
  <action id="NextTab">
    <keyboard-shortcut first-keystroke="alt right" />
    <keyboard-shortcut first-keystroke="alt k" />
  </action>
  <action id="PreviousTab">
    <keyboard-shortcut first-keystroke="alt left" />
    <keyboard-shortcut first-keystroke="alt j" />
  </action>
  <action id="ResizeToolWindowDown">
    <keyboard-shortcut first-keystroke="shift ctrl alt down" />
    <keyboard-shortcut first-keystroke="shift ctrl j" />
  </action>
  <action id="ResizeToolWindowLeft">
    <keyboard-shortcut first-keystroke="shift ctrl alt left" />
    <keyboard-shortcut first-keystroke="shift ctrl h" />
  </action>
  <action id="ResizeToolWindowRight">
    <keyboard-shortcut first-keystroke="shift ctrl alt right" />
    <keyboard-shortcut first-keystroke="shift ctrl l" />
  </action>
  <action id="ResizeToolWindowUp">
    <keyboard-shortcut first-keystroke="shift ctrl alt up" />
    <keyboard-shortcut first-keystroke="shift ctrl k" />
  </action>
  <action id="SelectNextOccurrence" />
  <action id="ToggleFullScreen">
    <keyboard-shortcut first-keystroke="alt f11" />
  </action>
  <action id="Vcs.Push" />
</keymap>