<keymap version="1" name="GNOME copy" parent="Default for GNOME">
  <action id="ActivateDeviceManager2ToolWindow">
    <keyboard-shortcut first-keystroke="shift ctrl f1" />
  </action>
  <action id="NewAndroidVectorAsset">
    <keyboard-shortcut first-keystroke="shift ctrl alt dead_grave" />
    <keyboard-shortcut first-keystroke="shift ctrl alt z" />
  </action>
  <action id="UpdateRunningApplication" />
  <action id="android.deploy.ApplyChanges">
    <keyboard-shortcut first-keystroke="ctrl f10" />
  </action>
  <action id="android.deploy.CodeSwap">
    <keyboard-shortcut first-keystroke="ctrl alt f10" />
  </action>
</keymap>