<application>
  <component name="BuildProcessSatisfactionSurveyStore">
    <option name="daysWithGradleBuilds" value="5" />
    <option name="firstKotlinGradleBuildTime" value="1724180735" />
    <option name="lastKotlinGradleBuildTime" value="1728586149" />
    <option name="nextCountedGradleBuild" value="1728647312" />
  </component>
  <component name="KotlinNewUserTracker">
    <option name="firstKtFileOpened" value="1724158405" />
    <option name="lastKtFileOpened" value="1728585371" />
    <option name="newKtUserSince" value="1724158405" />
  </component>
</application>