<application>
  <component name="ProjectManager">
    <defaultProject>
      <component name="ProjectViewState">
        <option name="hideEmptyMiddlePackages" value="true" />
        <option name="showLibraryContents" value="true" />
      </component>
      <component name="WindowStateProjectService">
        <state x="685" y="636" width="530" height="641" key="FileChooserDialogImpl.ideScale=125" timestamp="1706808770009">
          <screen x="0" y="463" width="1920" height="1053" />
        </state>
        <state x="685" y="636" width="530" height="641" key="FileChooserDialogImpl.ideScale=125/0.463.1920.1053/1920.0.1080.1920" timestamp="1706808770009" />
        <state x="622" y="591" width="655" height="730" key="com.intellij.openapi.editor.actions.MultiplePasteAction$ClipboardContentChooser.ideScale=125" timestamp="1706808743249">
          <screen x="0" y="463" width="1920" height="1053" />
        </state>
        <state x="622" y="591" width="655" height="730" key="com.intellij.openapi.editor.actions.MultiplePasteAction$ClipboardContentChooser.ideScale=125/0.463.1920.1053/1920.0.1080.1920" timestamp="1706808743249" />
      </component>
    </defaultProject>
  </component>
</application>