<application>
  <component name="Trusted.Paths">
    <option name="TRUSTED_PROJECT_PATHS">
      <map>
        <entry key="$USER_HOME$/Documentos/AcademyTool/PowerFitControl" value="true" />
        <entry key="$USER_HOME$/Documentos/AcademyTool/PowerFitControl.back" value="true" />
        <entry key="$USER_HOME$/Documentos/PowerFitControl/PowerFitControl" value="true" />
        <entry key="$USER_HOME$/Documentos/Veterinaria" value="true" />
        <entry key="$USER_HOME$/IdeaProjects/demo" value="true" />
      </map>
    </option>
  </component>
</application>