<application>
  <component name="VimEditorSettings">
    <editor />
  </component>
  <component name="VimKeySettings">
    <shortcut-conflicts>
      <shortcut-conflict owner="vim">
        <text encoding="base64">YWx0IHByZXNzZWQgNA==</text>
      </shortcut-conflict>
      <shortcut-conflict owner="vim">
        <text encoding="base64">Y3RybCBwcmVzc2VkIEM=</text>
      </shortcut-conflict>
      <shortcut-conflict owner="vim">
        <text encoding="base64">Y3RybCBwcmVzc2VkIFY=</text>
      </shortcut-conflict>
      <shortcut-conflict owner="vim">
        <text encoding="base64">Y3RybCBwcmVzc2VkIFo=</text>
      </shortcut-conflict>
      <shortcut-conflict owner="vim">
        <text encoding="base64">Y3RybCBwcmVzc2VkIFM=</text>
      </shortcut-conflict>
      <shortcut-conflict owner="vim">
        <text encoding="base64">YWx0IHByZXNzZWQgSg==</text>
      </shortcut-conflict>
      <shortcut-conflict owner="vim">
        <text encoding="base64">Y3RybCBwcmVzc2VkIFI=</text>
      </shortcut-conflict>
      <shortcut-conflict owner="vim">
        <text encoding="base64">Y3RybCBwcmVzc2VkIFg=</text>
      </shortcut-conflict>
      <shortcut-conflict owner="vim">
        <text encoding="base64">Y3RybCBwcmVzc2VkIFE=</text>
      </shortcut-conflict>
      <shortcut-conflict owner="vim">
        <text encoding="base64">Y3RybCBwcmVzc2VkIE8=</text>
      </shortcut-conflict>
      <shortcut-conflict owner="vim">
        <text encoding="base64">Y3RybCBwcmVzc2VkIEY=</text>
      </shortcut-conflict>
      <shortcut-conflict owner="vim">
        <text encoding="base64">Y3RybCBwcmVzc2VkIEE=</text>
      </shortcut-conflict>
    </shortcut-conflicts>
  </component>
  <component name="VimSettings">
    <state version="7" enabled="true" />
    <notifications>
      <idea-join enabled="false" />
      <idea-put enabled="false" />
      <idea-undo enabled="true" />
      <was-automatically-subscribed-to-eap enabled="false" />
    </notifications>
  </component>
</application>