<application>
  <component name="DimensionService">
    <size key="GridCell.Tab.0.left.1080.146.1920.1080" width="1838" height="287" />
    <size key="GridCell.Tab.0.center.1080.146.1920.1080" width="1838" height="287" />
    <size key="GridCell.Tab.0.right.1080.146.1920.1080" width="1838" height="287" />
    <size key="GridCell.Tab.0.bottom.1080.146.1920.1080" width="1838" height="287" />
    <size key="GridCell.Tab.1.left.1080.146.1920.1080" width="1316" height="277" />
    <size key="GridCell.Tab.1.center.1080.146.1920.1080" width="1316" height="277" />
    <size key="GridCell.Tab.1.right.1080.146.1920.1080" width="1316" height="277" />
    <size key="GridCell.Tab.1.bottom.1080.146.1920.1080" width="1316" height="277" />
    <size key="GridCell.Tab.0.left.1080.146.1920.1080@120dpi" width="1818" height="276" />
    <size key="GridCell.Tab.0.center.1080.146.1920.1080@120dpi" width="1818" height="276" />
    <size key="GridCell.Tab.0.right.1080.146.1920.1080@120dpi" width="1818" height="276" />
    <size key="GridCell.Tab.0.bottom.1080.146.1920.1080@120dpi" width="1818" height="276" />
    <size key="GridCell.Tab.0.left.1920.0.1920.1080@120dpi" width="1816" height="294" />
    <size key="GridCell.Tab.0.center.1920.0.1920.1080@120dpi" width="1816" height="294" />
    <size key="GridCell.Tab.0.right.1920.0.1920.1080@120dpi" width="1816" height="294" />
    <size key="GridCell.Tab.0.bottom.1920.0.1920.1080@120dpi" width="1816" height="294" />
    <size key="GridCell.Tab.1.left.1920.0.1920.1080@120dpi" width="1816" height="284" />
    <size key="GridCell.Tab.1.center.1920.0.1920.1080@120dpi" width="1816" height="284" />
    <size key="GridCell.Tab.1.right.1920.0.1920.1080@120dpi" width="1816" height="284" />
    <size key="GridCell.Tab.1.bottom.1920.0.1920.1080@120dpi" width="1816" height="284" />
  </component>
  <component name="WindowManager">
    <frame x="1920" y="-10" width="1920" height="1090" extendedState="6" />
  </component>
  <component name="WindowStateApplicationService">
    <state x="2028" y="487" width="530" height="610" key="FileChooserDialogImpl.ideScale=125" timestamp="1726843566128">
      <screen x="1080" y="146" width="1920" height="1080" />
    </state>
    <state x="2028" y="487" width="530" height="610" key="FileChooserDialogImpl.ideScale=125/1080.146.1920.1080/0.194.1080.1726" timestamp="1726843566128" />
    <state x="540" y="877" width="800" height="650" key="WELCOME_SCREEN" timestamp="1724182386167">
      <screen x="0" y="194" width="1080" height="1726" />
    </state>
    <state x="580" y="958" width="1000" height="813" key="WELCOME_SCREEN.ideScale=125" timestamp="1726843549593">
      <screen x="0" y="194" width="1080" height="1726" />
    </state>
    <state x="580" y="958" width="1000" height="813" key="WELCOME_SCREEN.ideScale=125/1080.146.1920.1080/0.194.1080.1726" timestamp="1726843549593" />
    <state x="540" y="877" width="800" height="650" key="WELCOME_SCREEN/1080.146.1920.1080/0.194.1080.1726" timestamp="1724182386167" />
    <state x="1850" y="386" width="897" height="713" key="new project wizard" timestamp="1723211554856">
      <screen x="1080" y="146" width="1920" height="1080" />
    </state>
    <state x="1850" y="351" width="897" height="875" key="new project wizard.ideScale=125" timestamp="1726843572408">
      <screen x="1080" y="146" width="1920" height="1080" />
    </state>
    <state x="1850" y="351" width="897" height="875" key="new project wizard.ideScale=125/1080.146.1920.1080/0.194.1080.1726" timestamp="1726843572408" />
    <state x="1850" y="386" width="897" height="713" key="new project wizard/1080.146.1920.1080/0.194.1080.1726" timestamp="1723211554856" />
  </component>
</application>